{"loss_train": [0.5033945399172166, 0.3076031216803719, 0.2872723100816502, 0.27493102287544924, 0.25461747330777784, 0.24772131723516128, 0.22711044655126683, 0.22270806002266266, 0.22128442639813703, 0.2008969454204335, 0.1847862399676267, 0.17955191635033663, 0.16444485853700078, 0.15520304607994417, 0.14699905006324543, 0.1289228949476691, 0.13069338886176837, 0.10894313529133796, 0.09863312091020977, 0.09683243875556133], "loss_valid": [0.3844110667705536, 0.3357634723186493, 0.3532737895846367, 0.3091354534029961, 0.3499328657984734, 0.3124070316553116, 0.33533292859792707, 0.34068714678287504, 0.3126446433365345, 0.3145641803741455, 0.3160925030708313, 0.3227635622024536, 0.3244570270180702, 0.3272827908396721, 0.32913153022527697, 0.34441912919282913, 0.3488321632146835, 0.37631004452705386, 0.35072769075632093, 0.36717307269573213], "training_time": [21.08249020576477, 20.80262804031372, 20.63750195503235, 21.01893711090088, 20.85161018371582, 20.682377099990845, 20.498530864715576, 20.39898991584778, 20.713008165359497, 21.895431756973267, 21.71173906326294, 21.896607875823975, 21.107197046279907, 20.894579887390137, 20.638145208358765, 20.65649724006653, 20.483637809753418, 21.050393104553223, 20.71531081199646, 20.665056943893433]}